regime,rough_q,mean_gap,sem,source
fixed-60,1,0.25081115227167955,0.008019461000440323,data
fixed-60,2,0.20343705889359998,0.008872255054541497,data
fixed-60,3,0.1839103696259939,0.010009841077556777,data
fixed-60,4,0.1278361149939234,0.011934227691133748,data
tuned,1,0.273,0.007,figure_digitized
tuned,2,0.218,0.008,figure_digitized
tuned,3,0.191,0.009,figure_digitized
tuned,4,0.165,0.012,figure_digitized
